unique_id,DateTime,Date,Time,Message,DayOfWeek,TimeOfDay,Snooze_Ratio,AlarmDismissed_Ratio,Duration
1,2023-04-22 09:30:01,2023-04-22,09:30:01,Triggered,Saturday,Morning,0.25,0.25,00:20:11
1,2023-04-22 09:40:01,2023-04-22,09:40:01,Snooze,Saturday,Morning,0.25,0.25,00:20:11
1,2023-04-22 09:50:00,2023-04-22,09:50:00,Triggered,Saturday,Morning,0.25,0.25,00:20:11
1,2023-04-22 09:50:12,2023-04-22,09:50:12,Alarm dismissed,Saturday,Morning,0.25,0.25,00:20:11
2,2023-04-27 05:40:00,2023-04-27,05:40:00,Triggered,Thursday,Morning,0.25,0.25,00:20:16
2,2023-04-27 05:50:00,2023-04-27,05:50:00,Snooze,Thursday,Morning,0.25,0.25,00:20:16
2,2023-04-27 06:00:00,2023-04-27,06:00:00,Triggered,Thursday,Morning,0.25,0.25,00:20:16
2,2023-04-27 06:00:16,2023-04-27,06:00:16,Alarm dismissed,Thursday,Morning,0.25,0.25,00:20:16
3,2023-04-27 12:12:00,2023-04-27,12:12:00,Triggered,Thursday,Afternoon,0.0,0.5,00:00:05
3,2023-04-27 12:12:05,2023-04-27,12:12:05,Alarm dismissed,Thursday,Afternoon,0.0,0.5,00:00:05
4,2023-04-28 05:40:00,2023-04-28,05:40:00,Triggered,Friday,Morning,0.0,0.5,00:00:08
4,2023-04-28 05:40:08,2023-04-28,05:40:08,Alarm dismissed,Friday,Morning,0.0,0.5,00:00:08
5,2023-04-29 06:20:00,2023-04-29,06:20:00,Triggered,Saturday,Morning,0.0,0.5,00:00:23
5,2023-04-29 06:20:23,2023-04-29,06:20:23,Alarm dismissed,Saturday,Morning,0.0,0.5,00:00:23
6,2023-04-30 06:20:00,2023-04-30,06:20:00,Triggered,Sunday,Morning,0.0,0.5,00:00:10
6,2023-04-30 06:20:10,2023-04-30,06:20:10,Alarm dismissed,Sunday,Morning,0.0,0.5,00:00:10
7,2023-05-01 09:30:00,2023-05-01,09:30:00,Triggered,Monday,Morning,0.0,0.5,00:02:34
7,2023-05-01 09:32:34,2023-05-01,09:32:34,Alarm dismissed,Monday,Morning,0.0,0.5,00:02:34
8,2023-05-03 06:20:00,2023-05-03,06:20:00,Triggered,Wednesday,Morning,0.0,0.5,00:02:33
8,2023-05-03 06:22:33,2023-05-03,06:22:33,Alarm dismissed,Wednesday,Morning,0.0,0.5,00:02:33
9,2023-05-03 16:58:00,2023-05-03,16:58:00,Triggered,Wednesday,Evening,0.0,0.5,00:00:23
9,2023-05-03 16:58:23,2023-05-03,16:58:23,Alarm dismissed,Wednesday,Evening,0.0,0.5,00:00:23
10,2023-05-05 06:20:00,2023-05-05,06:20:00,Triggered,Friday,Morning,0.3333333333333333,0.16666666666666666,00:47:05
10,2023-05-05 06:30:01,2023-05-05,06:30:01,Snooze,Friday,Morning,0.3333333333333333,0.16666666666666666,00:47:05
10,2023-05-05 06:40:00,2023-05-05,06:40:00,Triggered,Friday,Morning,0.3333333333333333,0.16666666666666666,00:47:05
10,2023-05-05 06:50:00,2023-05-05,06:50:00,Snooze,Friday,Morning,0.3333333333333333,0.16666666666666666,00:47:05
10,2023-05-05 07:00:00,2023-05-05,07:00:00,Triggered,Friday,Morning,0.3333333333333333,0.16666666666666666,00:47:05
10,2023-05-05 07:07:05,2023-05-05,07:07:05,Alarm dismissed,Friday,Morning,0.3333333333333333,0.16666666666666666,00:47:05
11,2023-05-06 06:20:00,2023-05-06,06:20:00,Triggered,Saturday,Morning,0.375,0.125,01:10:00
11,2023-05-06 06:30:00,2023-05-06,06:30:00,Snooze,Saturday,Morning,0.375,0.125,01:10:00
11,2023-05-06 06:40:00,2023-05-06,06:40:00,Triggered,Saturday,Morning,0.375,0.125,01:10:00
11,2023-05-06 06:50:00,2023-05-06,06:50:00,Snooze,Saturday,Morning,0.375,0.125,01:10:00
11,2023-05-06 07:00:00,2023-05-06,07:00:00,Triggered,Saturday,Morning,0.375,0.125,01:10:00
11,2023-05-06 07:10:00,2023-05-06,07:10:00,Snooze,Saturday,Morning,0.375,0.125,01:10:00
11,2023-05-06 07:20:00,2023-05-06,07:20:00,Triggered,Saturday,Morning,0.375,0.125,01:10:00
11,2023-05-06 07:30:00,2023-05-06,07:30:00,Alarm dismissed,Saturday,Morning,0.375,0.125,01:10:00
12,2023-05-06 17:58:00,2023-05-06,17:58:00,Triggered,Saturday,Evening,0.0,0.5,00:00:09
12,2023-05-06 17:58:09,2023-05-06,17:58:09,Alarm dismissed,Saturday,Evening,0.0,0.5,00:00:09
13,2023-05-07 06:20:00,2023-05-07,06:20:00,Triggered,Sunday,Morning,0.375,0.125,01:09:16
13,2023-05-07 06:30:00,2023-05-07,06:30:00,Snooze,Sunday,Morning,0.375,0.125,01:09:16
13,2023-05-07 06:40:00,2023-05-07,06:40:00,Triggered,Sunday,Morning,0.375,0.125,01:09:16
13,2023-05-07 06:50:00,2023-05-07,06:50:00,Snooze,Sunday,Morning,0.375,0.125,01:09:16
13,2023-05-07 07:00:00,2023-05-07,07:00:00,Triggered,Sunday,Morning,0.375,0.125,01:09:16
13,2023-05-07 07:10:00,2023-05-07,07:10:00,Snooze,Sunday,Morning,0.375,0.125,01:09:16
13,2023-05-07 07:20:00,2023-05-07,07:20:00,Triggered,Sunday,Morning,0.375,0.125,01:09:16
13,2023-05-07 07:29:16,2023-05-07,07:29:16,Alarm dismissed,Sunday,Morning,0.375,0.125,01:09:16
14,2023-05-07 17:58:00,2023-05-07,17:58:00,Triggered,Sunday,Evening,0.0,0.5,00:00:16
14,2023-05-07 17:58:16,2023-05-07,17:58:16,Alarm dismissed,Sunday,Evening,0.0,0.5,00:00:16
15,2023-05-08 08:20:00,2023-05-08,08:20:00,Triggered,Monday,Morning,0.0,0.5,00:02:52
15,2023-05-08 08:22:52,2023-05-08,08:22:52,Alarm dismissed,Monday,Morning,0.0,0.5,00:02:52
16,2023-05-08 09:00:00,2023-05-08,09:00:00,Triggered,Monday,Morning,0.0,0.5,00:00:23
16,2023-05-08 09:00:23,2023-05-08,09:00:23,Alarm dismissed,Monday,Morning,0.0,0.5,00:00:23
17,2023-05-09 08:30:00,2023-05-09,08:30:00,Triggered,Tuesday,Morning,0.0,0.5,00:07:28
17,2023-05-09 08:37:28,2023-05-09,08:37:28,Alarm dismissed,Tuesday,Morning,0.0,0.5,00:07:28
18,2023-05-09 17:58:01,2023-05-09,17:58:01,Triggered,Tuesday,Evening,0.0,0.5,00:00:20
18,2023-05-09 17:58:21,2023-05-09,17:58:21,Alarm dismissed,Tuesday,Evening,0.0,0.5,00:00:20
19,2023-05-10 08:29:59,2023-05-10,08:29:59,Triggered,Wednesday,Morning,0.2,0.2,00:21:39
19,2023-05-10 08:30:00,2023-05-10,08:30:00,Triggered,Wednesday,Morning,0.2,0.2,00:21:39
19,2023-05-10 08:40:00,2023-05-10,08:40:00,Snooze,Wednesday,Morning,0.2,0.2,00:21:39
19,2023-05-10 08:50:00,2023-05-10,08:50:00,Triggered,Wednesday,Morning,0.2,0.2,00:21:39
19,2023-05-10 08:51:38,2023-05-10,08:51:38,Alarm dismissed,Wednesday,Morning,0.2,0.2,00:21:39
20,2023-05-10 15:45:00,2023-05-10,15:45:00,Triggered,Wednesday,Afternoon,0.0,0.5,00:00:10
20,2023-05-10 15:45:10,2023-05-10,15:45:10,Alarm dismissed,Wednesday,Afternoon,0.0,0.5,00:00:10
21,2023-05-11 08:30:00,2023-05-11,08:30:00,Triggered,Thursday,Morning,0.375,0.125,00:56:52
21,2023-05-11 08:40:01,2023-05-11,08:40:01,Snooze,Thursday,Morning,0.375,0.125,00:56:52
21,2023-05-11 08:50:24,2023-05-11,08:50:24,Triggered,Thursday,Morning,0.375,0.125,00:56:52
21,2023-05-11 09:00:22,2023-05-11,09:00:22,Snooze,Thursday,Morning,0.375,0.125,00:56:52
21,2023-05-11 09:10:00,2023-05-11,09:10:00,Triggered,Thursday,Morning,0.375,0.125,00:56:52
21,2023-05-11 09:16:36,2023-05-11,09:16:36,Snooze,Thursday,Morning,0.375,0.125,00:56:52
21,2023-05-11 09:26:00,2023-05-11,09:26:00,Triggered,Thursday,Morning,0.375,0.125,00:56:52
21,2023-05-11 09:26:52,2023-05-11,09:26:52,Alarm dismissed,Thursday,Morning,0.375,0.125,00:56:52
22,2023-05-12 17:58:00,2023-05-12,17:58:00,Triggered,Friday,Evening,0.3333333333333333,0.16666666666666666,00:39:11
22,2023-05-12 18:07:59,2023-05-12,18:07:59,Snooze,Friday,Evening,0.3333333333333333,0.16666666666666666,00:39:11
22,2023-05-12 18:17:00,2023-05-12,18:17:00,Triggered,Friday,Evening,0.3333333333333333,0.16666666666666666,00:39:11
22,2023-05-12 18:27:00,2023-05-12,18:27:00,Snooze,Friday,Evening,0.3333333333333333,0.16666666666666666,00:39:11
22,2023-05-12 18:37:00,2023-05-12,18:37:00,Triggered,Friday,Evening,0.3333333333333333,0.16666666666666666,00:39:11
22,2023-05-12 18:37:11,2023-05-12,18:37:11,Alarm dismissed,Friday,Evening,0.3333333333333333,0.16666666666666666,00:39:11
23,2023-05-14 08:30:00,2023-05-14,08:30:00,Triggered,Sunday,Morning,0.0,0.5,00:00:33
23,2023-05-14 08:30:33,2023-05-14,08:30:33,Alarm dismissed,Sunday,Morning,0.0,0.5,00:00:33
24,2023-05-15 06:30:00,2023-05-15,06:30:00,Triggered,Monday,Morning,0.25,0.25,00:25:54
24,2023-05-15 06:40:00,2023-05-15,06:40:00,Snooze,Monday,Morning,0.25,0.25,00:25:54
24,2023-05-15 06:50:00,2023-05-15,06:50:00,Triggered,Monday,Morning,0.25,0.25,00:25:54
24,2023-05-15 06:55:54,2023-05-15,06:55:54,Alarm dismissed,Monday,Morning,0.25,0.25,00:25:54
25,2023-05-15 17:20:00,2023-05-15,17:20:00,Triggered,Monday,Evening,0.0,0.5,00:00:14
25,2023-05-15 17:20:14,2023-05-15,17:20:14,Alarm dismissed,Monday,Evening,0.0,0.5,00:00:14
26,2023-05-16 06:30:00,2023-05-16,06:30:00,Triggered,Tuesday,Morning,0.25,0.25,00:22:06
26,2023-05-16 06:40:01,2023-05-16,06:40:01,Snooze,Tuesday,Morning,0.25,0.25,00:22:06
26,2023-05-16 06:50:00,2023-05-16,06:50:00,Triggered,Tuesday,Morning,0.25,0.25,00:22:06
26,2023-05-16 06:52:06,2023-05-16,06:52:06,Alarm dismissed,Tuesday,Morning,0.25,0.25,00:22:06
27,2023-05-16 17:20:00,2023-05-16,17:20:00,Triggered,Tuesday,Evening,0.0,0.5,00:00:23
27,2023-05-16 17:20:23,2023-05-16,17:20:23,Alarm dismissed,Tuesday,Evening,0.0,0.5,00:00:23
28,2023-05-17 06:30:00,2023-05-17,06:30:00,Triggered,Wednesday,Morning,0.0,0.5,00:00:26
28,2023-05-17 06:30:26,2023-05-17,06:30:26,Alarm dismissed,Wednesday,Morning,0.0,0.5,00:00:26
29,2023-05-18 09:30:00,2023-05-18,09:30:00,Triggered,Thursday,Morning,0.25,0.25,00:21:50
29,2023-05-18 09:40:01,2023-05-18,09:40:01,Snooze,Thursday,Morning,0.25,0.25,00:21:50
29,2023-05-18 09:50:00,2023-05-18,09:50:00,Triggered,Thursday,Morning,0.25,0.25,00:21:50
29,2023-05-18 09:51:50,2023-05-18,09:51:50,Alarm dismissed,Thursday,Morning,0.25,0.25,00:21:50
30,2023-05-18 17:20:00,2023-05-18,17:20:00,Triggered,Thursday,Evening,0.0,0.5,00:10:57
30,2023-05-18 17:30:57,2023-05-18,17:30:57,Alarm dismissed,Thursday,Evening,0.0,0.5,00:10:57
31,2023-05-20 09:30:00,2023-05-20,09:30:00,Triggered,Saturday,Morning,0.0,0.5,00:00:21
31,2023-05-20 09:30:21,2023-05-20,09:30:21,Alarm dismissed,Saturday,Morning,0.0,0.5,00:00:21
32,2023-05-20 17:20:00,2023-05-20,17:20:00,Triggered,Saturday,Evening,0.0,0.5,00:01:09
32,2023-05-20 17:21:09,2023-05-20,17:21:09,Alarm dismissed,Saturday,Evening,0.0,0.5,00:01:09
33,2023-05-21 09:30:00,2023-05-21,09:30:00,Triggered,Sunday,Morning,0.0,0.5,00:04:17
33,2023-05-21 09:34:17,2023-05-21,09:34:17,Alarm dismissed,Sunday,Morning,0.0,0.5,00:04:17
34,2023-05-22 09:30:00,2023-05-22,09:30:00,Triggered,Monday,Morning,0.0,0.5,00:06:45
34,2023-05-22 09:36:45,2023-05-22,09:36:45,Alarm dismissed,Monday,Morning,0.0,0.5,00:06:45
35,2023-05-22 17:20:00,2023-05-22,17:20:00,Triggered,Monday,Evening,0.0,0.5,00:06:47
35,2023-05-22 17:26:47,2023-05-22,17:26:47,Alarm dismissed,Monday,Evening,0.0,0.5,00:06:47
36,2023-05-23 09:30:00,2023-05-23,09:30:00,Triggered,Tuesday,Morning,0.0,0.5,00:05:22
36,2023-05-23 09:35:22,2023-05-23,09:35:22,Alarm dismissed,Tuesday,Morning,0.0,0.5,00:05:22
37,2023-05-24 07:30:00,2023-05-24,07:30:00,Triggered,Wednesday,Morning,0.0,0.5,00:00:14
37,2023-05-24 07:30:14,2023-05-24,07:30:14,Alarm dismissed,Wednesday,Morning,0.0,0.5,00:00:14
38,2023-05-24 17:20:00,2023-05-24,17:20:00,Triggered,Wednesday,Evening,0.0,0.5,00:00:23
38,2023-05-24 17:20:23,2023-05-24,17:20:23,Alarm dismissed,Wednesday,Evening,0.0,0.5,00:00:23
39,2023-05-26 07:30:00,2023-05-26,07:30:00,Triggered,Friday,Morning,0.0,0.5,00:06:46
39,2023-05-26 07:36:46,2023-05-26,07:36:46,Alarm dismissed,Friday,Morning,0.0,0.5,00:06:46
40,2023-05-26 17:00:01,2023-05-26,17:00:01,Triggered,Friday,Evening,0.0,0.5,00:05:55
40,2023-05-26 17:05:56,2023-05-26,17:05:56,Alarm dismissed,Friday,Evening,0.0,0.5,00:05:55
41,2023-05-27 07:30:00,2023-05-27,07:30:00,Triggered,Saturday,Morning,0.42857142857142855,0.14285714285714285,00:59:55
41,2023-05-27 07:40:00,2023-05-27,07:40:00,Snooze,Saturday,Morning,0.42857142857142855,0.14285714285714285,00:59:55
41,2023-05-27 07:50:00,2023-05-27,07:50:00,Triggered,Saturday,Morning,0.42857142857142855,0.14285714285714285,00:59:55
41,2023-05-27 08:00:00,2023-05-27,08:00:00,Snooze,Saturday,Morning,0.42857142857142855,0.14285714285714285,00:59:55
41,2023-05-27 08:10:00,2023-05-27,08:10:00,Triggered,Saturday,Morning,0.42857142857142855,0.14285714285714285,00:59:55
41,2023-05-27 08:20:00,2023-05-27,08:20:00,Snooze,Saturday,Morning,0.42857142857142855,0.14285714285714285,00:59:55
41,2023-05-27 08:29:55,2023-05-27,08:29:55,Alarm dismissed,Saturday,Morning,0.42857142857142855,0.14285714285714285,00:59:55
42,2023-05-27 17:00:00,2023-05-27,17:00:00,Triggered,Saturday,Evening,0.0,0.5,00:00:13
42,2023-05-27 17:00:13,2023-05-27,17:00:13,Alarm dismissed,Saturday,Evening,0.0,0.5,00:00:13
43,2023-05-28 07:30:00,2023-05-28,07:30:00,Triggered,Sunday,Morning,0.0,0.5,00:04:59
43,2023-05-28 07:34:59,2023-05-28,07:34:59,Alarm dismissed,Sunday,Morning,0.0,0.5,00:04:59
44,2023-05-28 17:00:00,2023-05-28,17:00:00,Triggered,Sunday,Evening,0.25,0.25,00:26:13
44,2023-05-28 17:10:00,2023-05-28,17:10:00,Snooze,Sunday,Evening,0.25,0.25,00:26:13
44,2023-05-28 17:20:00,2023-05-28,17:20:00,Triggered,Sunday,Evening,0.25,0.25,00:26:13
44,2023-05-28 17:26:13,2023-05-28,17:26:13,Alarm dismissed,Sunday,Evening,0.25,0.25,00:26:13
45,2023-05-29 05:20:00,2023-05-29,05:20:00,Triggered,Monday,Morning,0.0,0.5,00:01:13
45,2023-05-29 05:21:13,2023-05-29,05:21:13,Alarm dismissed,Monday,Morning,0.0,0.5,00:01:13
46,2023-05-29 05:30:00,2023-05-29,05:30:00,Triggered,Monday,Morning,0.0,0.5,00:00:06
46,2023-05-29 05:30:06,2023-05-29,05:30:06,Alarm dismissed,Monday,Morning,0.0,0.5,00:00:06
47,2023-05-30 05:20:00,2023-05-30,05:20:00,Triggered,Tuesday,Morning,0.0,0.5,00:00:45
47,2023-05-30 05:20:45,2023-05-30,05:20:45,Alarm dismissed,Tuesday,Morning,0.0,0.5,00:00:45
48,2023-05-30 05:30:00,2023-05-30,05:30:00,Triggered,Tuesday,Morning,0.0,0.5,00:00:55
48,2023-05-30 05:30:55,2023-05-30,05:30:55,Alarm dismissed,Tuesday,Morning,0.0,0.5,00:00:55
49,2023-05-31 05:20:00,2023-05-31,05:20:00,Triggered,Wednesday,Morning,0.0,0.3333333333333333,00:10:30
49,2023-05-31 05:30:00,2023-05-31,05:30:00,Triggered,Wednesday,Morning,0.0,0.3333333333333333,00:10:30
49,2023-05-31 05:30:30,2023-05-31,05:30:30,Alarm dismissed,Wednesday,Morning,0.0,0.3333333333333333,00:10:30
50,2023-05-31 17:00:00,2023-05-31,17:00:00,Triggered,Wednesday,Evening,0.0,0.5,00:00:15
50,2023-05-31 17:00:15,2023-05-31,17:00:15,Alarm dismissed,Wednesday,Evening,0.0,0.5,00:00:15
51,2023-06-01 05:20:00,2023-06-01,05:20:00,Triggered,Thursday,Morning,0.0,0.5,00:00:17
51,2023-06-01 05:20:17,2023-06-01,05:20:17,Alarm dismissed,Thursday,Morning,0.0,0.5,00:00:17
52,2023-06-01 05:30:00,2023-06-01,05:30:00,Triggered,Thursday,Morning,0.0,0.5,00:00:23
52,2023-06-01 05:30:23,2023-06-01,05:30:23,Alarm dismissed,Thursday,Morning,0.0,0.5,00:00:23
53,2023-06-02 08:30:00,2023-06-02,08:30:00,Triggered,Friday,Morning,0.0,0.5,00:00:34
53,2023-06-02 08:30:34,2023-06-02,08:30:34,Alarm dismissed,Friday,Morning,0.0,0.5,00:00:34
54,2023-06-04 08:30:00,2023-06-04,08:30:00,Triggered,Sunday,Morning,0.0,0.5,00:03:44
54,2023-06-04 08:33:44,2023-06-04,08:33:44,Alarm dismissed,Sunday,Morning,0.0,0.5,00:03:44
55,2023-07-27 08:10:00,2023-07-27,08:10:00,Triggered,Thursday,Morning,0.0,0.5,00:00:02
55,2023-07-27 08:10:02,2023-07-27,08:10:02,Alarm dismissed,Thursday,Morning,0.0,0.5,00:00:02
56,2023-07-27 17:50:00,2023-07-27,17:50:00,Triggered,Thursday,Evening,0.0,0.5,00:00:11
56,2023-07-27 17:50:11,2023-07-27,17:50:11,Alarm dismissed,Thursday,Evening,0.0,0.5,00:00:11
57,2023-07-28 05:35:00,2023-07-28,05:35:00,Triggered,Friday,Morning,0.0,0.5,00:00:14
57,2023-07-28 05:35:14,2023-07-28,05:35:14,Alarm dismissed,Friday,Morning,0.0,0.5,00:00:14
58,2023-07-28 05:40:32,2023-07-28,05:40:32,Triggered,Friday,Morning,0.0,0.5,00:00:13
58,2023-07-28 05:40:45,2023-07-28,05:40:45,Alarm dismissed,Friday,Morning,0.0,0.5,00:00:13
59,2023-07-28 08:00:00,2023-07-28,08:00:00,Triggered,Friday,Morning,0.0,0.5,00:00:12
59,2023-07-28 08:00:12,2023-07-28,08:00:12,Alarm dismissed,Friday,Morning,0.0,0.5,00:00:12
60,2023-07-29 08:00:00,2023-07-29,08:00:00,Triggered,Saturday,Morning,0.3333333333333333,0.16666666666666666,00:44:57
60,2023-07-29 08:10:01,2023-07-29,08:10:01,Snooze,Saturday,Morning,0.3333333333333333,0.16666666666666666,00:44:57
60,2023-07-29 08:20:00,2023-07-29,08:20:00,Triggered,Saturday,Morning,0.3333333333333333,0.16666666666666666,00:44:57
60,2023-07-29 08:30:00,2023-07-29,08:30:00,Snooze,Saturday,Morning,0.3333333333333333,0.16666666666666666,00:44:57
60,2023-07-29 08:40:00,2023-07-29,08:40:00,Triggered,Saturday,Morning,0.3333333333333333,0.16666666666666666,00:44:57
60,2023-07-29 08:44:57,2023-07-29,08:44:57,Alarm dismissed,Saturday,Morning,0.3333333333333333,0.16666666666666666,00:44:57
61,2023-07-29 17:50:01,2023-07-29,17:50:01,Triggered,Saturday,Evening,0.0,0.5,00:00:05
61,2023-07-29 17:50:06,2023-07-29,17:50:06,Alarm dismissed,Saturday,Evening,0.0,0.5,00:00:05
62,2023-07-30 08:00:00,2023-07-30,08:00:00,Triggered,Sunday,Morning,0.0,0.5,00:00:35
62,2023-07-30 08:00:35,2023-07-30,08:00:35,Alarm dismissed,Sunday,Morning,0.0,0.5,00:00:35
63,2023-07-31 08:00:00,2023-07-31,08:00:00,Triggered,Monday,Morning,0.25,0.25,00:28:55
63,2023-07-31 08:10:00,2023-07-31,08:10:00,Snooze,Monday,Morning,0.25,0.25,00:28:55
63,2023-07-31 08:20:00,2023-07-31,08:20:00,Triggered,Monday,Morning,0.25,0.25,00:28:55
63,2023-07-31 08:28:55,2023-07-31,08:28:55,Alarm dismissed,Monday,Morning,0.25,0.25,00:28:55
64,2023-07-31 17:50:00,2023-07-31,17:50:00,Triggered,Monday,Evening,0.0,0.5,00:00:37
64,2023-07-31 17:50:37,2023-07-31,17:50:37,Alarm dismissed,Monday,Evening,0.0,0.5,00:00:37
65,2023-08-01 02:00:02,2023-08-01,02:00:02,Triggered,Tuesday,Night,0.0,0.5,00:00:25
65,2023-08-01 02:00:27,2023-08-01,02:00:27,Alarm dismissed,Tuesday,Night,0.0,0.5,00:00:25
66,2023-08-01 08:00:00,2023-08-01,08:00:00,Triggered,Tuesday,Morning,0.0,0.5,00:02:36
66,2023-08-01 08:02:36,2023-08-01,08:02:36,Alarm dismissed,Tuesday,Morning,0.0,0.5,00:02:36
67,2023-08-01 09:29:16,2023-08-01,09:29:16,Triggered,Tuesday,Morning,0.0,0.5,00:00:06
67,2023-08-01 09:29:22,2023-08-01,09:29:22,Alarm dismissed,Tuesday,Morning,0.0,0.5,00:00:06
68,2023-08-01 17:50:53,2023-08-01,17:50:53,Triggered,Tuesday,Evening,0.0,0.5,00:00:17
68,2023-08-01 17:51:10,2023-08-01,17:51:10,Alarm dismissed,Tuesday,Evening,0.0,0.5,00:00:17
69,2023-08-02 07:29:00,2023-08-02,07:29:00,Triggered,Wednesday,Morning,0.0,0.5,00:00:41
69,2023-08-02 07:29:41,2023-08-02,07:29:41,Alarm dismissed,Wednesday,Morning,0.0,0.5,00:00:41
70,2023-08-02 17:50:00,2023-08-02,17:50:00,Triggered,Wednesday,Evening,0.0,0.5,00:05:44
70,2023-08-02 17:55:44,2023-08-02,17:55:44,Alarm dismissed,Wednesday,Evening,0.0,0.5,00:05:44
71,2023-08-03 07:29:00,2023-08-03,07:29:00,Triggered,Thursday,Morning,0.25,0.25,00:18:38
71,2023-08-03 07:31:09,2023-08-03,07:31:09,Snooze,Thursday,Morning,0.25,0.25,00:18:38
71,2023-08-03 07:41:00,2023-08-03,07:41:00,Triggered,Thursday,Morning,0.25,0.25,00:18:38
71,2023-08-03 07:47:38,2023-08-03,07:47:38,Alarm dismissed,Thursday,Morning,0.25,0.25,00:18:38
72,2023-08-03 17:50:00,2023-08-03,17:50:00,Triggered,Thursday,Evening,0.0,0.5,00:01:32
72,2023-08-03 17:51:32,2023-08-03,17:51:32,Alarm dismissed,Thursday,Evening,0.0,0.5,00:01:32
73,2023-08-04 08:00:00,2023-08-04,08:00:00,Triggered,Friday,Morning,0.25,0.25,00:12:35
73,2023-08-04 08:00:20,2023-08-04,08:00:20,Snooze,Friday,Morning,0.25,0.25,00:12:35
73,2023-08-04 08:10:00,2023-08-04,08:10:00,Triggered,Friday,Morning,0.25,0.25,00:12:35
73,2023-08-04 08:12:35,2023-08-04,08:12:35,Alarm dismissed,Friday,Morning,0.25,0.25,00:12:35
74,2023-08-05 08:00:14,2023-08-05,08:00:14,Triggered,Saturday,Morning,0.25,0.25,00:20:04
74,2023-08-05 08:10:14,2023-08-05,08:10:14,Snooze,Saturday,Morning,0.25,0.25,00:20:04
74,2023-08-05 08:20:00,2023-08-05,08:20:00,Triggered,Saturday,Morning,0.25,0.25,00:20:04
74,2023-08-05 08:20:18,2023-08-05,08:20:18,Alarm dismissed,Saturday,Morning,0.25,0.25,00:20:04
75,2023-08-05 17:50:01,2023-08-05,17:50:01,Triggered,Saturday,Evening,0.0,0.5,00:00:04
75,2023-08-05 17:50:05,2023-08-05,17:50:05,Alarm dismissed,Saturday,Evening,0.0,0.5,00:00:04
76,2023-08-06 08:00:00,2023-08-06,08:00:00,Triggered,Sunday,Morning,0.25,0.25,00:24:06
76,2023-08-06 08:10:01,2023-08-06,08:10:01,Snooze,Sunday,Morning,0.25,0.25,00:24:06
76,2023-08-06 08:20:00,2023-08-06,08:20:00,Triggered,Sunday,Morning,0.25,0.25,00:24:06
76,2023-08-06 08:24:06,2023-08-06,08:24:06,Alarm dismissed,Sunday,Morning,0.25,0.25,00:24:06
77,2023-08-07 08:00:00,2023-08-07,08:00:00,Triggered,Monday,Morning,0.0,0.5,00:00:19
77,2023-08-07 08:00:19,2023-08-07,08:00:19,Alarm dismissed,Monday,Morning,0.0,0.5,00:00:19
78,2023-08-08 08:00:00,2023-08-08,08:00:00,Triggered,Tuesday,Morning,0.3333333333333333,0.16666666666666666,00:40:11
78,2023-08-08 08:10:01,2023-08-08,08:10:01,Snooze,Tuesday,Morning,0.3333333333333333,0.16666666666666666,00:40:11
78,2023-08-08 08:20:00,2023-08-08,08:20:00,Triggered,Tuesday,Morning,0.3333333333333333,0.16666666666666666,00:40:11
78,2023-08-08 08:30:00,2023-08-08,08:30:00,Snooze,Tuesday,Morning,0.3333333333333333,0.16666666666666666,00:40:11
78,2023-08-08 08:40:00,2023-08-08,08:40:00,Triggered,Tuesday,Morning,0.3333333333333333,0.16666666666666666,00:40:11
78,2023-08-08 08:40:11,2023-08-08,08:40:11,Alarm dismissed,Tuesday,Morning,0.3333333333333333,0.16666666666666666,00:40:11
79,2023-08-09 08:00:00,2023-08-09,08:00:00,Triggered,Wednesday,Morning,0.25,0.25,00:24:05
79,2023-08-09 08:10:00,2023-08-09,08:10:00,Snooze,Wednesday,Morning,0.25,0.25,00:24:05
79,2023-08-09 08:20:00,2023-08-09,08:20:00,Triggered,Wednesday,Morning,0.25,0.25,00:24:05
79,2023-08-09 08:24:05,2023-08-09,08:24:05,Alarm dismissed,Wednesday,Morning,0.25,0.25,00:24:05
80,2023-08-10 08:00:00,2023-08-10,08:00:00,Triggered,Thursday,Morning,0.0,0.5,00:00:38
80,2023-08-10 08:00:38,2023-08-10,08:00:38,Alarm dismissed,Thursday,Morning,0.0,0.5,00:00:38
81,2023-08-10 17:50:00,2023-08-10,17:50:00,Triggered,Thursday,Evening,0.0,0.5,00:00:23
81,2023-08-10 17:50:23,2023-08-10,17:50:23,Alarm dismissed,Thursday,Evening,0.0,0.5,00:00:23
82,2023-08-11 07:30:00,2023-08-11,07:30:00,Triggered,Friday,Morning,0.0,0.5,00:04:41
82,2023-08-11 07:34:41,2023-08-11,07:34:41,Alarm dismissed,Friday,Morning,0.0,0.5,00:04:41
83,2023-08-12 07:30:00,2023-08-12,07:30:00,Triggered,Saturday,Morning,0.0,0.5,00:08:51
83,2023-08-12 07:38:51,2023-08-12,07:38:51,Alarm dismissed,Saturday,Morning,0.0,0.5,00:08:51
84,2023-08-12 17:50:00,2023-08-12,17:50:00,Triggered,Saturday,Evening,0.0,0.5,00:05:03
84,2023-08-12 17:55:03,2023-08-12,17:55:03,Alarm dismissed,Saturday,Evening,0.0,0.5,00:05:03
85,2023-08-13 07:30:00,2023-08-13,07:30:00,Triggered,Sunday,Morning,0.25,0.25,00:23:32
85,2023-08-13 07:40:00,2023-08-13,07:40:00,Snooze,Sunday,Morning,0.25,0.25,00:23:32
85,2023-08-13 07:50:00,2023-08-13,07:50:00,Triggered,Sunday,Morning,0.25,0.25,00:23:32
85,2023-08-13 07:53:32,2023-08-13,07:53:32,Alarm dismissed,Sunday,Morning,0.25,0.25,00:23:32
86,2023-08-13 17:50:00,2023-08-13,17:50:00,Triggered,Sunday,Evening,0.0,0.5,00:00:23
86,2023-08-13 17:50:23,2023-08-13,17:50:23,Alarm dismissed,Sunday,Evening,0.0,0.5,00:00:23
87,2023-08-14 17:50:00,2023-08-14,17:50:00,Triggered,Monday,Evening,0.25,0.25,00:14:17
87,2023-08-14 17:50:09,2023-08-14,17:50:09,Snooze,Monday,Evening,0.25,0.25,00:14:17
87,2023-08-14 18:00:01,2023-08-14,18:00:01,Triggered,Monday,Evening,0.25,0.25,00:14:17
87,2023-08-14 18:04:17,2023-08-14,18:04:17,Alarm dismissed,Monday,Evening,0.25,0.25,00:14:17
88,2023-08-15 07:30:00,2023-08-15,07:30:00,Triggered,Tuesday,Morning,0.0,0.5,00:00:11
88,2023-08-15 07:30:11,2023-08-15,07:30:11,Alarm dismissed,Tuesday,Morning,0.0,0.5,00:00:11
89,2023-08-16 07:30:20,2023-08-16,07:30:20,Triggered,Wednesday,Morning,0.25,0.25,00:20:37
89,2023-08-16 07:40:21,2023-08-16,07:40:21,Snooze,Wednesday,Morning,0.25,0.25,00:20:37
89,2023-08-16 07:49:59,2023-08-16,07:49:59,Triggered,Wednesday,Morning,0.25,0.25,00:20:37
89,2023-08-16 07:50:57,2023-08-16,07:50:57,Alarm dismissed,Wednesday,Morning,0.25,0.25,00:20:37
90,2023-08-16 17:50:00,2023-08-16,17:50:00,Triggered,Wednesday,Evening,0.0,0.5,00:00:16
90,2023-08-16 17:50:16,2023-08-16,17:50:16,Alarm dismissed,Wednesday,Evening,0.0,0.5,00:00:16
91,2023-08-17 05:30:00,2023-08-17,05:30:00,Triggered,Thursday,Morning,0.25,0.25,00:10:47
91,2023-08-17 05:30:13,2023-08-17,05:30:13,Snooze,Thursday,Morning,0.25,0.25,00:10:47
91,2023-08-17 05:40:01,2023-08-17,05:40:01,Triggered,Thursday,Morning,0.25,0.25,00:10:47
91,2023-08-17 05:40:47,2023-08-17,05:40:47,Alarm dismissed,Thursday,Morning,0.25,0.25,00:10:47
92,2023-08-18 05:50:00,2023-08-18,05:50:00,Triggered,Friday,Morning,0.0,0.5,00:03:45
92,2023-08-18 05:53:45,2023-08-18,05:53:45,Alarm dismissed,Friday,Morning,0.0,0.5,00:03:45
93,2023-08-18 06:00:00,2023-08-18,06:00:00,Triggered,Friday,Morning,0.0,0.5,00:00:28
93,2023-08-18 06:00:28,2023-08-18,06:00:28,Alarm dismissed,Friday,Morning,0.0,0.5,00:00:28
94,2023-08-19 05:50:00,2023-08-19,05:50:00,Triggered,Saturday,Morning,0.3333333333333333,0.1111111111111111,01:20:00
94,2023-08-19 06:00:00,2023-08-19,06:00:00,Triggered,Saturday,Morning,0.3333333333333333,0.1111111111111111,01:20:00
94,2023-08-19 06:10:00,2023-08-19,06:10:00,Snooze,Saturday,Morning,0.3333333333333333,0.1111111111111111,01:20:00
94,2023-08-19 06:20:00,2023-08-19,06:20:00,Triggered,Saturday,Morning,0.3333333333333333,0.1111111111111111,01:20:00
94,2023-08-19 06:30:00,2023-08-19,06:30:00,Snooze,Saturday,Morning,0.3333333333333333,0.1111111111111111,01:20:00
94,2023-08-19 06:40:00,2023-08-19,06:40:00,Triggered,Saturday,Morning,0.3333333333333333,0.1111111111111111,01:20:00
94,2023-08-19 06:50:00,2023-08-19,06:50:00,Snooze,Saturday,Morning,0.3333333333333333,0.1111111111111111,01:20:00
94,2023-08-19 07:00:00,2023-08-19,07:00:00,Triggered,Saturday,Morning,0.3333333333333333,0.1111111111111111,01:20:00
94,2023-08-19 07:10:00,2023-08-19,07:10:00,Alarm dismissed,Saturday,Morning,0.3333333333333333,0.1111111111111111,01:20:00
95,2023-08-20 05:50:00,2023-08-20,05:50:00,Triggered,Sunday,Morning,0.0,0.5,00:02:50
95,2023-08-20 05:52:50,2023-08-20,05:52:50,Alarm dismissed,Sunday,Morning,0.0,0.5,00:02:50
96,2023-08-21 05:50:00,2023-08-21,05:50:00,Triggered,Monday,Morning,0.0,0.5,00:08:12
96,2023-08-21 05:58:12,2023-08-21,05:58:12,Alarm dismissed,Monday,Morning,0.0,0.5,00:08:12
97,2023-08-21 06:00:00,2023-08-21,06:00:00,Triggered,Monday,Morning,0.0,0.5,00:00:14
97,2023-08-21 06:00:14,2023-08-21,06:00:14,Alarm dismissed,Monday,Morning,0.0,0.5,00:00:14
98,2023-08-23 05:50:00,2023-08-23,05:50:00,Triggered,Wednesday,Morning,0.0,0.5,00:00:21
98,2023-08-23 05:50:21,2023-08-23,05:50:21,Alarm dismissed,Wednesday,Morning,0.0,0.5,00:00:21
99,2023-08-23 06:00:00,2023-08-23,06:00:00,Triggered,Wednesday,Morning,0.0,0.5,00:01:10
99,2023-08-23 06:01:10,2023-08-23,06:01:10,Alarm dismissed,Wednesday,Morning,0.0,0.5,00:01:10
100,2023-08-24 05:50:00,2023-08-24,05:50:00,Triggered,Thursday,Morning,0.0,0.5,00:07:46
100,2023-08-24 05:57:46,2023-08-24,05:57:46,Alarm dismissed,Thursday,Morning,0.0,0.5,00:07:46
101,2023-08-24 06:00:00,2023-08-24,06:00:00,Triggered,Thursday,Morning,0.0,0.5,00:05:05
101,2023-08-24 06:05:05,2023-08-24,06:05:05,Alarm dismissed,Thursday,Morning,0.0,0.5,00:05:05
102,2023-08-25 05:50:00,2023-08-25,05:50:00,Triggered,Friday,Morning,0.3333333333333333,0.1111111111111111,01:17:28
102,2023-08-25 06:00:00,2023-08-25,06:00:00,Triggered,Friday,Morning,0.3333333333333333,0.1111111111111111,01:17:28
102,2023-08-25 06:10:00,2023-08-25,06:10:00,Snooze,Friday,Morning,0.3333333333333333,0.1111111111111111,01:17:28
102,2023-08-25 06:20:00,2023-08-25,06:20:00,Triggered,Friday,Morning,0.3333333333333333,0.1111111111111111,01:17:28
102,2023-08-25 06:30:00,2023-08-25,06:30:00,Snooze,Friday,Morning,0.3333333333333333,0.1111111111111111,01:17:28
102,2023-08-25 06:40:00,2023-08-25,06:40:00,Triggered,Friday,Morning,0.3333333333333333,0.1111111111111111,01:17:28
102,2023-08-25 06:50:00,2023-08-25,06:50:00,Snooze,Friday,Morning,0.3333333333333333,0.1111111111111111,01:17:28
102,2023-08-25 07:00:02,2023-08-25,07:00:02,Triggered,Friday,Morning,0.3333333333333333,0.1111111111111111,01:17:28
102,2023-08-25 07:07:28,2023-08-25,07:07:28,Alarm dismissed,Friday,Morning,0.3333333333333333,0.1111111111111111,01:17:28
103,2023-08-26 05:50:00,2023-08-26,05:50:00,Triggered,Saturday,Morning,0.0,0.5,00:02:58
103,2023-08-26 05:52:58,2023-08-26,05:52:58,Alarm dismissed,Saturday,Morning,0.0,0.5,00:02:58
104,2023-08-26 06:00:00,2023-08-26,06:00:00,Triggered,Saturday,Morning,0.0,0.5,00:00:22
104,2023-08-26 06:00:22,2023-08-26,06:00:22,Alarm dismissed,Saturday,Morning,0.0,0.5,00:00:22
105,2023-08-27 05:50:00,2023-08-27,05:50:00,Triggered,Sunday,Morning,0.2,0.2,00:30:17
105,2023-08-27 06:00:00,2023-08-27,06:00:00,Triggered,Sunday,Morning,0.2,0.2,00:30:17
105,2023-08-27 06:10:00,2023-08-27,06:10:00,Snooze,Sunday,Morning,0.2,0.2,00:30:17
105,2023-08-27 06:20:00,2023-08-27,06:20:00,Triggered,Sunday,Morning,0.2,0.2,00:30:17
105,2023-08-27 06:20:17,2023-08-27,06:20:17,Alarm dismissed,Sunday,Morning,0.2,0.2,00:30:17
106,2023-09-13 04:40:00,2023-09-13,04:40:00,Triggered,Wednesday,Morning,0.0,0.5,00:00:11
106,2023-09-13 04:40:11,2023-09-13,04:40:11,Alarm dismissed,Wednesday,Morning,0.0,0.5,00:00:11
107,2023-09-15 04:40:00,2023-09-15,04:40:00,Triggered,Friday,Morning,0.0,0.5,00:00:07
107,2023-09-15 04:40:07,2023-09-15,04:40:07,Alarm dismissed,Friday,Morning,0.0,0.5,00:00:07
108,2023-11-15 08:30:00,2023-11-15,08:30:00,Triggered,Wednesday,Morning,0.0,0.5,00:00:11
108,2023-11-15 08:30:11,2023-11-15,08:30:11,Alarm dismissed,Wednesday,Morning,0.0,0.5,00:00:11
109,2023-11-16 08:30:00,2023-11-16,08:30:00,Triggered,Thursday,Morning,0.0,0.5,00:00:12
109,2023-11-16 08:30:12,2023-11-16,08:30:12,Alarm dismissed,Thursday,Morning,0.0,0.5,00:00:12
110,2023-11-17 08:30:00,2023-11-17,08:30:00,Triggered,Friday,Morning,0.0,0.5,00:02:15
110,2023-11-17 08:32:15,2023-11-17,08:32:15,Alarm dismissed,Friday,Morning,0.0,0.5,00:02:15
111,2023-11-19 08:30:00,2023-11-19,08:30:00,Triggered,Sunday,Morning,0.0,0.5,00:00:10
111,2023-11-19 08:30:10,2023-11-19,08:30:10,Alarm dismissed,Sunday,Morning,0.0,0.5,00:00:10
112,2023-11-20 08:30:00,2023-11-20,08:30:00,Triggered,Monday,Morning,0.0,0.5,00:00:07
112,2023-11-20 08:30:07,2023-11-20,08:30:07,Alarm dismissed,Monday,Morning,0.0,0.5,00:00:07
113,2023-11-21 08:30:00,2023-11-21,08:30:00,Triggered,Tuesday,Morning,0.3333333333333333,0.3333333333333333,00:04:10
113,2023-11-21 08:33:46,2023-11-21,08:33:46,Snooze,Tuesday,Morning,0.3333333333333333,0.3333333333333333,00:04:10
113,2023-11-21 08:34:10,2023-11-21,08:34:10,Alarm dismissed,Tuesday,Morning,0.3333333333333333,0.3333333333333333,00:04:10
114,2023-11-22 08:30:00,2023-11-22,08:30:00,Triggered,Wednesday,Morning,0.375,0.125,01:00:23
114,2023-11-22 08:40:01,2023-11-22,08:40:01,Snooze,Wednesday,Morning,0.375,0.125,01:00:23
114,2023-11-22 08:50:00,2023-11-22,08:50:00,Triggered,Wednesday,Morning,0.375,0.125,01:00:23
114,2023-11-22 09:00:00,2023-11-22,09:00:00,Snooze,Wednesday,Morning,0.375,0.125,01:00:23
114,2023-11-22 09:10:00,2023-11-22,09:10:00,Triggered,Wednesday,Morning,0.375,0.125,01:00:23
114,2023-11-22 09:20:00,2023-11-22,09:20:00,Snooze,Wednesday,Morning,0.375,0.125,01:00:23
114,2023-11-22 09:30:00,2023-11-22,09:30:00,Triggered,Wednesday,Morning,0.375,0.125,01:00:23
114,2023-11-22 09:30:23,2023-11-22,09:30:23,Alarm dismissed,Wednesday,Morning,0.375,0.125,01:00:23
115,2023-11-23 08:30:00,2023-11-23,08:30:00,Triggered,Thursday,Morning,0.0,0.5,00:00:16
115,2023-11-23 08:30:16,2023-11-23,08:30:16,Alarm dismissed,Thursday,Morning,0.0,0.5,00:00:16
116,2023-11-24 08:30:00,2023-11-24,08:30:00,Triggered,Friday,Morning,0.3333333333333333,0.16666666666666666,00:43:12
116,2023-11-24 08:40:01,2023-11-24,08:40:01,Snooze,Friday,Morning,0.3333333333333333,0.16666666666666666,00:43:12
116,2023-11-24 08:50:00,2023-11-24,08:50:00,Triggered,Friday,Morning,0.3333333333333333,0.16666666666666666,00:43:12
116,2023-11-24 09:00:00,2023-11-24,09:00:00,Snooze,Friday,Morning,0.3333333333333333,0.16666666666666666,00:43:12
116,2023-11-24 09:10:00,2023-11-24,09:10:00,Triggered,Friday,Morning,0.3333333333333333,0.16666666666666666,00:43:12
116,2023-11-24 09:13:12,2023-11-24,09:13:12,Alarm dismissed,Friday,Morning,0.3333333333333333,0.16666666666666666,00:43:12
117,2023-11-25 08:30:00,2023-11-25,08:30:00,Triggered,Saturday,Morning,0.0,0.5,00:00:14
117,2023-11-25 08:30:14,2023-11-25,08:30:14,Alarm dismissed,Saturday,Morning,0.0,0.5,00:00:14
118,2023-11-26 08:30:00,2023-11-26,08:30:00,Triggered,Sunday,Morning,0.4,0.2,00:31:20
118,2023-11-26 08:40:01,2023-11-26,08:40:01,Snooze,Sunday,Morning,0.4,0.2,00:31:20
118,2023-11-26 08:50:00,2023-11-26,08:50:00,Triggered,Sunday,Morning,0.4,0.2,00:31:20
118,2023-11-26 09:00:00,2023-11-26,09:00:00,Snooze,Sunday,Morning,0.4,0.2,00:31:20
118,2023-11-26 09:01:20,2023-11-26,09:01:20,Alarm dismissed,Sunday,Morning,0.4,0.2,00:31:20
119,2023-11-27 08:30:00,2023-11-27,08:30:00,Triggered,Monday,Morning,0.3333333333333333,0.3333333333333333,00:00:17
119,2023-11-27 08:30:08,2023-11-27,08:30:08,Snooze,Monday,Morning,0.3333333333333333,0.3333333333333333,00:00:17
119,2023-11-27 08:30:17,2023-11-27,08:30:17,Alarm dismissed,Monday,Morning,0.3333333333333333,0.3333333333333333,00:00:17
120,2023-11-28 08:30:00,2023-11-28,08:30:00,Triggered,Tuesday,Morning,0.0,0.5,00:00:29
120,2023-11-28 08:30:29,2023-11-28,08:30:29,Alarm dismissed,Tuesday,Morning,0.0,0.5,00:00:29
121,2023-11-29 08:30:00,2023-11-29,08:30:00,Triggered,Wednesday,Morning,0.0,0.5,00:00:28
121,2023-11-29 08:30:28,2023-11-29,08:30:28,Alarm dismissed,Wednesday,Morning,0.0,0.5,00:00:28
122,2023-12-02 08:30:17,2023-12-02,08:30:17,Triggered,Saturday,Morning,0.0,0.5,00:08:02
122,2023-12-02 08:38:19,2023-12-02,08:38:19,Alarm dismissed,Saturday,Morning,0.0,0.5,00:08:02
123,2023-12-03 08:30:00,2023-12-03,08:30:00,Triggered,Sunday,Morning,0.3333333333333333,0.16666666666666666,00:30:14
123,2023-12-03 08:30:28,2023-12-03,08:30:28,Snooze,Sunday,Morning,0.3333333333333333,0.16666666666666666,00:30:14
123,2023-12-03 08:40:00,2023-12-03,08:40:00,Triggered,Sunday,Morning,0.3333333333333333,0.16666666666666666,00:30:14
123,2023-12-03 08:50:00,2023-12-03,08:50:00,Snooze,Sunday,Morning,0.3333333333333333,0.16666666666666666,00:30:14
123,2023-12-03 09:00:00,2023-12-03,09:00:00,Triggered,Sunday,Morning,0.3333333333333333,0.16666666666666666,00:30:14
123,2023-12-03 09:00:14,2023-12-03,09:00:14,Alarm dismissed,Sunday,Morning,0.3333333333333333,0.16666666666666666,00:30:14
124,2023-12-04 08:30:00,2023-12-04,08:30:00,Triggered,Monday,Morning,0.25,0.25,00:20:20
124,2023-12-04 08:40:00,2023-12-04,08:40:00,Snooze,Monday,Morning,0.25,0.25,00:20:20
124,2023-12-04 08:50:00,2023-12-04,08:50:00,Triggered,Monday,Morning,0.25,0.25,00:20:20
124,2023-12-04 08:50:20,2023-12-04,08:50:20,Alarm dismissed,Monday,Morning,0.25,0.25,00:20:20
125,2023-12-05 08:30:00,2023-12-05,08:30:00,Triggered,Tuesday,Morning,0.0,0.5,00:00:08
125,2023-12-05 08:30:08,2023-12-05,08:30:08,Alarm dismissed,Tuesday,Morning,0.0,0.5,00:00:08
126,2023-12-06 08:30:00,2023-12-06,08:30:00,Triggered,Wednesday,Morning,0.0,0.5,00:00:14
126,2023-12-06 08:30:14,2023-12-06,08:30:14,Alarm dismissed,Wednesday,Morning,0.0,0.5,00:00:14
127,2023-12-07 08:30:00,2023-12-07,08:30:00,Triggered,Thursday,Morning,0.0,0.5,00:00:31
127,2023-12-07 08:30:31,2023-12-07,08:30:31,Alarm dismissed,Thursday,Morning,0.0,0.5,00:00:31
128,2023-12-08 08:30:00,2023-12-08,08:30:00,Triggered,Friday,Morning,0.0,0.5,00:00:39
128,2023-12-08 08:30:39,2023-12-08,08:30:39,Alarm dismissed,Friday,Morning,0.0,0.5,00:00:39
129,2023-12-09 08:30:00,2023-12-09,08:30:00,Triggered,Saturday,Morning,0.0,0.5,00:00:22
129,2023-12-09 08:30:22,2023-12-09,08:30:22,Alarm dismissed,Saturday,Morning,0.0,0.5,00:00:22
130,2023-12-10 08:30:00,2023-12-10,08:30:00,Triggered,Sunday,Morning,0.0,0.5,00:00:14
130,2023-12-10 08:30:14,2023-12-10,08:30:14,Alarm dismissed,Sunday,Morning,0.0,0.5,00:00:14
131,2023-12-11 08:30:00,2023-12-11,08:30:00,Triggered,Monday,Morning,0.0,0.5,00:00:08
131,2023-12-11 08:30:08,2023-12-11,08:30:08,Alarm dismissed,Monday,Morning,0.0,0.5,00:00:08
132,2023-12-14 08:30:00,2023-12-14,08:30:00,Triggered,Thursday,Morning,0.0,0.5,00:01:11
132,2023-12-14 08:31:11,2023-12-14,08:31:11,Alarm dismissed,Thursday,Morning,0.0,0.5,00:01:11
133,2023-12-15 08:30:00,2023-12-15,08:30:00,Triggered,Friday,Morning,0.0,0.5,00:00:10
133,2023-12-15 08:30:10,2023-12-15,08:30:10,Alarm dismissed,Friday,Morning,0.0,0.5,00:00:10
134,2023-12-16 08:30:00,2023-12-16,08:30:00,Triggered,Saturday,Morning,0.0,0.5,00:00:09
134,2023-12-16 08:30:09,2023-12-16,08:30:09,Alarm dismissed,Saturday,Morning,0.0,0.5,00:00:09
135,2023-12-17 08:30:00,2023-12-17,08:30:00,Triggered,Sunday,Morning,0.0,0.5,00:00:18
135,2023-12-17 08:30:18,2023-12-17,08:30:18,Alarm dismissed,Sunday,Morning,0.0,0.5,00:00:18
136,2023-12-18 08:30:00,2023-12-18,08:30:00,Triggered,Monday,Morning,0.0,0.5,00:00:13
136,2023-12-18 08:30:13,2023-12-18,08:30:13,Alarm dismissed,Monday,Morning,0.0,0.5,00:00:13
137,2023-12-19 08:30:00,2023-12-19,08:30:00,Triggered,Tuesday,Morning,0.0,0.5,00:00:09
137,2023-12-19 08:30:09,2023-12-19,08:30:09,Alarm dismissed,Tuesday,Morning,0.0,0.5,00:00:09
138,2023-12-20 08:30:00,2023-12-20,08:30:00,Triggered,Wednesday,Morning,0.0,0.5,00:00:09
138,2023-12-20 08:30:09,2023-12-20,08:30:09,Alarm dismissed,Wednesday,Morning,0.0,0.5,00:00:09
139,2023-12-21 05:30:00,2023-12-21,05:30:00,Triggered,Thursday,Morning,0.3333333333333333,0.16666666666666666,00:20:09
139,2023-12-21 05:30:12,2023-12-21,05:30:12,Snooze,Thursday,Morning,0.3333333333333333,0.16666666666666666,00:20:09
139,2023-12-21 05:40:00,2023-12-21,05:40:00,Triggered,Thursday,Morning,0.3333333333333333,0.16666666666666666,00:20:09
139,2023-12-21 05:40:11,2023-12-21,05:40:11,Snooze,Thursday,Morning,0.3333333333333333,0.16666666666666666,00:20:09
139,2023-12-21 05:50:00,2023-12-21,05:50:00,Triggered,Thursday,Morning,0.3333333333333333,0.16666666666666666,00:20:09
139,2023-12-21 05:50:09,2023-12-21,05:50:09,Alarm dismissed,Thursday,Morning,0.3333333333333333,0.16666666666666666,00:20:09
140,2023-12-21 08:30:00,2023-12-21,08:30:00,Triggered,Thursday,Morning,0.0,0.5,00:00:15
140,2023-12-21 08:30:15,2023-12-21,08:30:15,Alarm dismissed,Thursday,Morning,0.0,0.5,00:00:15
141,2023-12-22 05:30:02,2023-12-22,05:30:02,Triggered,Friday,Morning,0.0,0.5,00:01:06
141,2023-12-22 05:31:08,2023-12-22,05:31:08,Alarm dismissed,Friday,Morning,0.0,0.5,00:01:06
142,2023-12-22 08:30:04,2023-12-22,08:30:04,Triggered,Friday,Morning,0.0,0.5,00:00:09
142,2023-12-22 08:30:13,2023-12-22,08:30:13,Alarm dismissed,Friday,Morning,0.0,0.5,00:00:09
143,2023-12-23 05:30:00,2023-12-23,05:30:00,Triggered,Saturday,Morning,0.25,0.25,00:10:10
143,2023-12-23 05:30:14,2023-12-23,05:30:14,Snooze,Saturday,Morning,0.25,0.25,00:10:10
143,2023-12-23 05:40:00,2023-12-23,05:40:00,Triggered,Saturday,Morning,0.25,0.25,00:10:10
143,2023-12-23 05:40:10,2023-12-23,05:40:10,Alarm dismissed,Saturday,Morning,0.25,0.25,00:10:10
144,2023-12-23 08:30:00,2023-12-23,08:30:00,Triggered,Saturday,Morning,0.0,0.5,00:01:37
144,2023-12-23 08:31:37,2023-12-23,08:31:37,Alarm dismissed,Saturday,Morning,0.0,0.5,00:01:37
145,2023-12-24 05:30:00,2023-12-24,05:30:00,Triggered,Sunday,Morning,0.0,0.5,00:00:14
145,2023-12-24 05:30:14,2023-12-24,05:30:14,Alarm dismissed,Sunday,Morning,0.0,0.5,00:00:14
146,2023-12-24 08:30:00,2023-12-24,08:30:00,Triggered,Sunday,Morning,0.0,0.5,00:06:45
146,2023-12-24 08:36:45,2023-12-24,08:36:45,Alarm dismissed,Sunday,Morning,0.0,0.5,00:06:45
147,2023-12-25 05:30:00,2023-12-25,05:30:00,Triggered,Monday,Morning,0.0,0.5,00:00:09
147,2023-12-25 05:30:09,2023-12-25,05:30:09,Alarm dismissed,Monday,Morning,0.0,0.5,00:00:09
148,2023-12-25 08:30:00,2023-12-25,08:30:00,Triggered,Monday,Morning,0.0,0.5,00:00:24
148,2023-12-25 08:30:24,2023-12-25,08:30:24,Alarm dismissed,Monday,Morning,0.0,0.5,00:00:24
149,2023-12-26 05:30:00,2023-12-26,05:30:00,Triggered,Tuesday,Morning,0.375,0.125,00:33:14
149,2023-12-26 05:30:32,2023-12-26,05:30:32,Snooze,Tuesday,Morning,0.375,0.125,00:33:14
149,2023-12-26 05:40:00,2023-12-26,05:40:00,Triggered,Tuesday,Morning,0.375,0.125,00:33:14
149,2023-12-26 05:40:10,2023-12-26,05:40:10,Snooze,Tuesday,Morning,0.375,0.125,00:33:14
149,2023-12-26 05:50:00,2023-12-26,05:50:00,Triggered,Tuesday,Morning,0.375,0.125,00:33:14
149,2023-12-26 05:53:46,2023-12-26,05:53:46,Snooze,Tuesday,Morning,0.375,0.125,00:33:14
149,2023-12-26 06:03:00,2023-12-26,06:03:00,Triggered,Tuesday,Morning,0.375,0.125,00:33:14
149,2023-12-26 06:03:14,2023-12-26,06:03:14,Alarm dismissed,Tuesday,Morning,0.375,0.125,00:33:14
150,2023-12-26 08:30:00,2023-12-26,08:30:00,Triggered,Tuesday,Morning,0.0,0.5,00:04:18
150,2023-12-26 08:34:18,2023-12-26,08:34:18,Alarm dismissed,Tuesday,Morning,0.0,0.5,00:04:18
151,2023-12-27 03:20:00,2023-12-27,03:20:00,Triggered,Wednesday,Night,0.42857142857142855,0.14285714285714285,00:30:19
151,2023-12-27 03:30:01,2023-12-27,03:30:01,Snooze,Wednesday,Night,0.42857142857142855,0.14285714285714285,00:30:19
151,2023-12-27 03:40:00,2023-12-27,03:40:00,Triggered,Wednesday,Night,0.42857142857142855,0.14285714285714285,00:30:19
151,2023-12-27 03:40:51,2023-12-27,03:40:51,Snooze,Wednesday,Night,0.42857142857142855,0.14285714285714285,00:30:19
151,2023-12-27 03:50:00,2023-12-27,03:50:00,Triggered,Wednesday,Night,0.42857142857142855,0.14285714285714285,00:30:19
151,2023-12-27 03:50:06,2023-12-27,03:50:06,Snooze,Wednesday,Night,0.42857142857142855,0.14285714285714285,00:30:19
151,2023-12-27 03:50:19,2023-12-27,03:50:19,Alarm dismissed,Wednesday,Night,0.42857142857142855,0.14285714285714285,00:30:19
152,2023-12-27 06:45:00,2023-12-27,06:45:00,Triggered,Wednesday,Morning,0.0,0.5,00:00:05
152,2023-12-27 06:45:05,2023-12-27,06:45:05,Alarm dismissed,Wednesday,Morning,0.0,0.5,00:00:05
153,2023-12-27 08:30:32,2023-12-27,08:30:32,Triggered,Wednesday,Morning,0.0,0.5,00:00:03
153,2023-12-27 08:30:35,2023-12-27,08:30:35,Alarm dismissed,Wednesday,Morning,0.0,0.5,00:00:03
154,2023-12-28 06:45:00,2023-12-28,06:45:00,Triggered,Thursday,Morning,0.3333333333333333,0.16666666666666666,00:49:38
154,2023-12-28 06:55:01,2023-12-28,06:55:01,Snooze,Thursday,Morning,0.3333333333333333,0.16666666666666666,00:49:38
154,2023-12-28 07:05:00,2023-12-28,07:05:00,Triggered,Thursday,Morning,0.3333333333333333,0.16666666666666666,00:49:38
154,2023-12-28 07:15:00,2023-12-28,07:15:00,Snooze,Thursday,Morning,0.3333333333333333,0.16666666666666666,00:49:38
154,2023-12-28 07:25:00,2023-12-28,07:25:00,Triggered,Thursday,Morning,0.3333333333333333,0.16666666666666666,00:49:38
154,2023-12-28 07:34:38,2023-12-28,07:34:38,Alarm dismissed,Thursday,Morning,0.3333333333333333,0.16666666666666666,00:49:38
155,2023-12-28 08:30:00,2023-12-28,08:30:00,Triggered,Thursday,Morning,0.4,0.2,00:20:23
155,2023-12-28 08:40:00,2023-12-28,08:40:00,Snooze,Thursday,Morning,0.4,0.2,00:20:23
155,2023-12-28 08:50:00,2023-12-28,08:50:00,Triggered,Thursday,Morning,0.4,0.2,00:20:23
155,2023-12-28 08:50:14,2023-12-28,08:50:14,Snooze,Thursday,Morning,0.4,0.2,00:20:23
155,2023-12-28 08:50:23,2023-12-28,08:50:23,Alarm dismissed,Thursday,Morning,0.4,0.2,00:20:23
156,2023-12-29 08:30:00,2023-12-29,08:30:00,Triggered,Friday,Morning,0.0,0.5,00:01:05
156,2023-12-29 08:31:05,2023-12-29,08:31:05,Alarm dismissed,Friday,Morning,0.0,0.5,00:01:05
157,2023-12-30 08:30:00,2023-12-30,08:30:00,Triggered,Saturday,Morning,0.375,0.125,01:00:39
157,2023-12-30 08:40:01,2023-12-30,08:40:01,Snooze,Saturday,Morning,0.375,0.125,01:00:39
157,2023-12-30 08:50:00,2023-12-30,08:50:00,Triggered,Saturday,Morning,0.375,0.125,01:00:39
157,2023-12-30 09:00:00,2023-12-30,09:00:00,Snooze,Saturday,Morning,0.375,0.125,01:00:39
157,2023-12-30 09:10:00,2023-12-30,09:10:00,Triggered,Saturday,Morning,0.375,0.125,01:00:39
157,2023-12-30 09:20:00,2023-12-30,09:20:00,Snooze,Saturday,Morning,0.375,0.125,01:00:39
157,2023-12-30 09:30:00,2023-12-30,09:30:00,Triggered,Saturday,Morning,0.375,0.125,01:00:39
157,2023-12-30 09:30:39,2023-12-30,09:30:39,Alarm dismissed,Saturday,Morning,0.375,0.125,01:00:39
158,2023-12-31 08:30:00,2023-12-31,08:30:00,Triggered,Sunday,Morning,0.25,0.25,00:20:14
158,2023-12-31 08:40:00,2023-12-31,08:40:00,Snooze,Sunday,Morning,0.25,0.25,00:20:14
158,2023-12-31 08:50:00,2023-12-31,08:50:00,Triggered,Sunday,Morning,0.25,0.25,00:20:14
158,2023-12-31 08:50:14,2023-12-31,08:50:14,Alarm dismissed,Sunday,Morning,0.25,0.25,00:20:14
159,2024-01-01 08:30:00,2024-01-01,08:30:00,Triggered,Monday,Morning,0.375,0.125,01:10:00
159,2024-01-01 08:40:01,2024-01-01,08:40:01,Snooze,Monday,Morning,0.375,0.125,01:10:00
159,2024-01-01 08:50:00,2024-01-01,08:50:00,Triggered,Monday,Morning,0.375,0.125,01:10:00
159,2024-01-01 09:00:00,2024-01-01,09:00:00,Snooze,Monday,Morning,0.375,0.125,01:10:00
159,2024-01-01 09:10:00,2024-01-01,09:10:00,Triggered,Monday,Morning,0.375,0.125,01:10:00
159,2024-01-01 09:20:00,2024-01-01,09:20:00,Snooze,Monday,Morning,0.375,0.125,01:10:00
159,2024-01-01 09:30:00,2024-01-01,09:30:00,Triggered,Monday,Morning,0.375,0.125,01:10:00
159,2024-01-01 09:40:00,2024-01-01,09:40:00,Alarm dismissed,Monday,Morning,0.375,0.125,01:10:00
160,2024-01-02 08:30:00,2024-01-02,08:30:00,Triggered,Tuesday,Morning,0.0,0.5,00:00:08
160,2024-01-02 08:30:08,2024-01-02,08:30:08,Alarm dismissed,Tuesday,Morning,0.0,0.5,00:00:08
161,2024-01-03 08:30:00,2024-01-03,08:30:00,Triggered,Wednesday,Morning,0.375,0.125,00:30:05
161,2024-01-03 08:30:09,2024-01-03,08:30:09,Snooze,Wednesday,Morning,0.375,0.125,00:30:05
161,2024-01-03 08:40:00,2024-01-03,08:40:00,Triggered,Wednesday,Morning,0.375,0.125,00:30:05
161,2024-01-03 08:40:12,2024-01-03,08:40:12,Snooze,Wednesday,Morning,0.375,0.125,00:30:05
161,2024-01-03 08:50:00,2024-01-03,08:50:00,Triggered,Wednesday,Morning,0.375,0.125,00:30:05
161,2024-01-03 08:50:11,2024-01-03,08:50:11,Snooze,Wednesday,Morning,0.375,0.125,00:30:05
161,2024-01-03 09:00:00,2024-01-03,09:00:00,Triggered,Wednesday,Morning,0.375,0.125,00:30:05
161,2024-01-03 09:00:05,2024-01-03,09:00:05,Alarm dismissed,Wednesday,Morning,0.375,0.125,00:30:05
162,2024-01-04 10:20:00,2024-01-04,10:20:00,Triggered,Thursday,Morning,0.0,0.5,00:00:11
162,2024-01-04 10:20:11,2024-01-04,10:20:11,Alarm dismissed,Thursday,Morning,0.0,0.5,00:00:11
163,2024-01-05 08:30:00,2024-01-05,08:30:00,Triggered,Friday,Morning,0.0,0.5,00:00:19
163,2024-01-05 08:30:19,2024-01-05,08:30:19,Alarm dismissed,Friday,Morning,0.0,0.5,00:00:19
164,2024-01-06 08:30:00,2024-01-06,08:30:00,Triggered,Saturday,Morning,0.0,0.5,00:00:12
164,2024-01-06 08:30:12,2024-01-06,08:30:12,Alarm dismissed,Saturday,Morning,0.0,0.5,00:00:12
165,2024-01-07 08:30:00,2024-01-07,08:30:00,Triggered,Sunday,Morning,0.0,0.5,00:00:20
165,2024-01-07 08:30:20,2024-01-07,08:30:20,Alarm dismissed,Sunday,Morning,0.0,0.5,00:00:20
166,2024-01-08 08:30:00,2024-01-08,08:30:00,Triggered,Monday,Morning,0.0,0.5,00:00:11
166,2024-01-08 08:30:11,2024-01-08,08:30:11,Alarm dismissed,Monday,Morning,0.0,0.5,00:00:11
167,2024-01-10 08:30:00,2024-01-10,08:30:00,Triggered,Wednesday,Morning,0.0,0.5,00:00:17
167,2024-01-10 08:30:17,2024-01-10,08:30:17,Alarm dismissed,Wednesday,Morning,0.0,0.5,00:00:17
168,2024-01-11 08:30:00,2024-01-11,08:30:00,Triggered,Thursday,Morning,0.0,0.5,00:00:10
168,2024-01-11 08:30:10,2024-01-11,08:30:10,Alarm dismissed,Thursday,Morning,0.0,0.5,00:00:10
169,2024-01-12 08:30:00,2024-01-12,08:30:00,Triggered,Friday,Morning,0.3333333333333333,0.16666666666666666,00:20:13
169,2024-01-12 08:30:25,2024-01-12,08:30:25,Snooze,Friday,Morning,0.3333333333333333,0.16666666666666666,00:20:13
169,2024-01-12 08:40:00,2024-01-12,08:40:00,Triggered,Friday,Morning,0.3333333333333333,0.16666666666666666,00:20:13
169,2024-01-12 08:40:11,2024-01-12,08:40:11,Snooze,Friday,Morning,0.3333333333333333,0.16666666666666666,00:20:13
169,2024-01-12 08:50:00,2024-01-12,08:50:00,Triggered,Friday,Morning,0.3333333333333333,0.16666666666666666,00:20:13
169,2024-01-12 08:50:13,2024-01-12,08:50:13,Alarm dismissed,Friday,Morning,0.3333333333333333,0.16666666666666666,00:20:13
170,2024-01-13 06:45:00,2024-01-13,06:45:00,Triggered,Saturday,Morning,0.0,0.5,00:00:09
170,2024-01-13 06:45:09,2024-01-13,06:45:09,Alarm dismissed,Saturday,Morning,0.0,0.5,00:00:09
171,2024-01-13 07:00:00,2024-01-13,07:00:00,Triggered,Saturday,Morning,0.25,0.25,00:10:06
171,2024-01-13 07:00:18,2024-01-13,07:00:18,Snooze,Saturday,Morning,0.25,0.25,00:10:06
171,2024-01-13 07:10:00,2024-01-13,07:10:00,Triggered,Saturday,Morning,0.25,0.25,00:10:06
171,2024-01-13 07:10:06,2024-01-13,07:10:06,Alarm dismissed,Saturday,Morning,0.25,0.25,00:10:06
172,2024-01-14 07:00:00,2024-01-14,07:00:00,Triggered,Sunday,Morning,0.25,0.25,00:10:08
172,2024-01-14 07:00:10,2024-01-14,07:00:10,Snooze,Sunday,Morning,0.25,0.25,00:10:08
172,2024-01-14 07:10:00,2024-01-14,07:10:00,Triggered,Sunday,Morning,0.25,0.25,00:10:08
172,2024-01-14 07:10:08,2024-01-14,07:10:08,Alarm dismissed,Sunday,Morning,0.25,0.25,00:10:08
173,2024-01-15 05:30:00,2024-01-15,05:30:00,Triggered,Monday,Morning,0.0,0.5,00:00:20
173,2024-01-15 05:30:20,2024-01-15,05:30:20,Alarm dismissed,Monday,Morning,0.0,0.5,00:00:20
174,2024-01-16 05:30:00,2024-01-16,05:30:00,Triggered,Tuesday,Morning,0.3333333333333333,0.3333333333333333,00:04:20
174,2024-01-16 05:30:07,2024-01-16,05:30:07,Snooze,Tuesday,Morning,0.3333333333333333,0.3333333333333333,00:04:20
174,2024-01-16 05:34:20,2024-01-16,05:34:20,Alarm dismissed,Tuesday,Morning,0.3333333333333333,0.3333333333333333,00:04:20
175,2024-01-16 07:00:00,2024-01-16,07:00:00,Triggered,Tuesday,Morning,0.0,0.5,00:00:32
175,2024-01-16 07:00:32,2024-01-16,07:00:32,Alarm dismissed,Tuesday,Morning,0.0,0.5,00:00:32
176,2024-01-17 07:00:00,2024-01-17,07:00:00,Triggered,Wednesday,Morning,0.0,0.5,00:00:07
176,2024-01-17 07:00:07,2024-01-17,07:00:07,Alarm dismissed,Wednesday,Morning,0.0,0.5,00:00:07
177,2024-01-18 05:30:00,2024-01-18,05:30:00,Triggered,Thursday,Morning,0.0,0.5,00:00:14
177,2024-01-18 05:30:14,2024-01-18,05:30:14,Alarm dismissed,Thursday,Morning,0.0,0.5,00:00:14
178,2024-01-18 07:00:00,2024-01-18,07:00:00,Triggered,Thursday,Morning,0.0,0.5,00:00:07
178,2024-01-18 07:00:07,2024-01-18,07:00:07,Alarm dismissed,Thursday,Morning,0.0,0.5,00:00:07
179,2024-01-19 07:00:00,2024-01-19,07:00:00,Triggered,Friday,Morning,0.0,0.5,00:00:10
179,2024-01-19 07:00:10,2024-01-19,07:00:10,Alarm dismissed,Friday,Morning,0.0,0.5,00:00:10
180,2024-01-20 03:20:00,2024-01-20,03:20:00,Triggered,Saturday,Night,0.25,0.25,00:10:16
180,2024-01-20 03:20:13,2024-01-20,03:20:13,Snooze,Saturday,Night,0.25,0.25,00:10:16
180,2024-01-20 03:30:01,2024-01-20,03:30:01,Triggered,Saturday,Night,0.25,0.25,00:10:16
180,2024-01-20 03:30:16,2024-01-20,03:30:16,Alarm dismissed,Saturday,Night,0.25,0.25,00:10:16
181,2024-01-20 07:00:00,2024-01-20,07:00:00,Triggered,Saturday,Morning,0.0,0.5,00:00:04
181,2024-01-20 07:00:04,2024-01-20,07:00:04,Alarm dismissed,Saturday,Morning,0.0,0.5,00:00:04
182,2024-01-21 07:00:00,2024-01-21,07:00:00,Triggered,Sunday,Morning,0.0,0.5,00:00:04
182,2024-01-21 07:00:04,2024-01-21,07:00:04,Alarm dismissed,Sunday,Morning,0.0,0.5,00:00:04
183,2024-01-22 07:00:00,2024-01-22,07:00:00,Triggered,Monday,Morning,0.0,0.5,00:07:18
183,2024-01-22 07:07:18,2024-01-22,07:07:18,Alarm dismissed,Monday,Morning,0.0,0.5,00:07:18
184,2024-01-22 10:10:00,2024-01-22,10:10:00,Triggered,Monday,Morning,0.0,0.5,00:00:08
184,2024-01-22 10:10:08,2024-01-22,10:10:08,Alarm dismissed,Monday,Morning,0.0,0.5,00:00:08
185,2024-01-23 07:00:00,2024-01-23,07:00:00,Triggered,Tuesday,Morning,0.25,0.25,00:22:36
185,2024-01-23 07:10:01,2024-01-23,07:10:01,Snooze,Tuesday,Morning,0.25,0.25,00:22:36
185,2024-01-23 07:20:00,2024-01-23,07:20:00,Triggered,Tuesday,Morning,0.25,0.25,00:22:36
185,2024-01-23 07:22:36,2024-01-23,07:22:36,Alarm dismissed,Tuesday,Morning,0.25,0.25,00:22:36
186,2024-01-24 07:00:00,2024-01-24,07:00:00,Triggered,Wednesday,Morning,0.0,0.5,00:00:07
186,2024-01-24 07:00:07,2024-01-24,07:00:07,Alarm dismissed,Wednesday,Morning,0.0,0.5,00:00:07
187,2024-01-25 07:00:00,2024-01-25,07:00:00,Triggered,Thursday,Morning,0.25,0.25,00:10:14
187,2024-01-25 07:00:26,2024-01-25,07:00:26,Snooze,Thursday,Morning,0.25,0.25,00:10:14
187,2024-01-25 07:10:00,2024-01-25,07:10:00,Triggered,Thursday,Morning,0.25,0.25,00:10:14
187,2024-01-25 07:10:14,2024-01-25,07:10:14,Alarm dismissed,Thursday,Morning,0.25,0.25,00:10:14
188,2024-01-26 07:00:01,2024-01-26,07:00:01,Triggered,Friday,Morning,0.0,0.5,00:00:03
188,2024-01-26 07:00:04,2024-01-26,07:00:04,Alarm dismissed,Friday,Morning,0.0,0.5,00:00:03
189,2024-01-27 07:00:00,2024-01-27,07:00:00,Triggered,Saturday,Morning,0.0,0.5,00:01:10
189,2024-01-27 07:01:10,2024-01-27,07:01:10,Alarm dismissed,Saturday,Morning,0.0,0.5,00:01:10
190,2024-01-28 07:00:00,2024-01-28,07:00:00,Triggered,Sunday,Morning,0.0,0.5,00:00:49
190,2024-01-28 07:00:49,2024-01-28,07:00:49,Alarm dismissed,Sunday,Morning,0.0,0.5,00:00:49
191,2024-01-29 07:00:00,2024-01-29,07:00:00,Triggered,Monday,Morning,0.0,0.5,00:00:09
191,2024-01-29 07:00:09,2024-01-29,07:00:09,Alarm dismissed,Monday,Morning,0.0,0.5,00:00:09
192,2024-01-30 06:45:00,2024-01-30,06:45:00,Triggered,Tuesday,Morning,0.25,0.25,00:15:56
192,2024-01-30 06:45:27,2024-01-30,06:45:27,Snooze,Tuesday,Morning,0.25,0.25,00:15:56
192,2024-01-30 06:55:00,2024-01-30,06:55:00,Triggered,Tuesday,Morning,0.25,0.25,00:15:56
192,2024-01-30 07:00:56,2024-01-30,07:00:56,Alarm dismissed,Tuesday,Morning,0.25,0.25,00:15:56
193,2024-01-31 06:45:00,2024-01-31,06:45:00,Triggered,Wednesday,Morning,0.0,0.5,00:00:39
193,2024-01-31 06:45:39,2024-01-31,06:45:39,Alarm dismissed,Wednesday,Morning,0.0,0.5,00:00:39
194,2024-02-01 06:45:00,2024-02-01,06:45:00,Triggered,Thursday,Morning,0.25,0.25,00:23:03
194,2024-02-01 06:55:01,2024-02-01,06:55:01,Snooze,Thursday,Morning,0.25,0.25,00:23:03
194,2024-02-01 07:05:00,2024-02-01,07:05:00,Triggered,Thursday,Morning,0.25,0.25,00:23:03
194,2024-02-01 07:08:03,2024-02-01,07:08:03,Alarm dismissed,Thursday,Morning,0.25,0.25,00:23:03
195,2024-02-02 06:45:00,2024-02-02,06:45:00,Triggered,Friday,Morning,0.25,0.25,00:23:33
195,2024-02-02 06:55:01,2024-02-02,06:55:01,Snooze,Friday,Morning,0.25,0.25,00:23:33
195,2024-02-02 07:05:00,2024-02-02,07:05:00,Triggered,Friday,Morning,0.25,0.25,00:23:33
195,2024-02-02 07:08:33,2024-02-02,07:08:33,Alarm dismissed,Friday,Morning,0.25,0.25,00:23:33
196,2024-02-03 06:45:00,2024-02-03,06:45:00,Triggered,Saturday,Morning,0.0,0.5,00:00:18
196,2024-02-03 06:45:18,2024-02-03,06:45:18,Alarm dismissed,Saturday,Morning,0.0,0.5,00:00:18
197,2024-02-04 06:45:00,2024-02-04,06:45:00,Triggered,Sunday,Morning,0.0,0.5,00:04:43
197,2024-02-04 06:49:43,2024-02-04,06:49:43,Alarm dismissed,Sunday,Morning,0.0,0.5,00:04:43
198,2024-02-05 06:45:00,2024-02-05,06:45:00,Triggered,Monday,Morning,0.0,0.5,00:00:43
198,2024-02-05 06:45:43,2024-02-05,06:45:43,Alarm dismissed,Monday,Morning,0.0,0.5,00:00:43
199,2024-02-06 06:45:00,2024-02-06,06:45:00,Triggered,Tuesday,Morning,0.0,0.5,00:00:14
199,2024-02-06 06:45:14,2024-02-06,06:45:14,Alarm dismissed,Tuesday,Morning,0.0,0.5,00:00:14
200,2024-02-07 06:46:01,2024-02-07,06:46:01,Triggered,Wednesday,Morning,0.0,0.5,00:07:51
200,2024-02-07 06:53:52,2024-02-07,06:53:52,Alarm dismissed,Wednesday,Morning,0.0,0.5,00:07:51
201,2024-02-08 06:45:00,2024-02-08,06:45:00,Triggered,Thursday,Morning,0.0,0.5,00:00:12
201,2024-02-08 06:45:12,2024-02-08,06:45:12,Alarm dismissed,Thursday,Morning,0.0,0.5,00:00:12
202,2024-02-09 06:45:00,2024-02-09,06:45:00,Triggered,Friday,Morning,0.0,0.5,00:00:14
202,2024-02-09 06:45:14,2024-02-09,06:45:14,Alarm dismissed,Friday,Morning,0.0,0.5,00:00:14
203,2024-02-10 06:45:01,2024-02-10,06:45:01,Triggered,Saturday,Morning,0.25,0.25,00:23:40
203,2024-02-10 06:55:02,2024-02-10,06:55:02,Snooze,Saturday,Morning,0.25,0.25,00:23:40
203,2024-02-10 07:05:00,2024-02-10,07:05:00,Triggered,Saturday,Morning,0.25,0.25,00:23:40
203,2024-02-10 07:08:41,2024-02-10,07:08:41,Alarm dismissed,Saturday,Morning,0.25,0.25,00:23:40
204,2024-02-11 06:45:00,2024-02-11,06:45:00,Triggered,Sunday,Morning,0.0,0.5,00:00:06
204,2024-02-11 06:45:06,2024-02-11,06:45:06,Alarm dismissed,Sunday,Morning,0.0,0.5,00:00:06
205,2024-02-12 06:45:01,2024-02-12,06:45:01,Triggered,Monday,Morning,0.0,0.5,00:00:13
205,2024-02-12 06:45:14,2024-02-12,06:45:14,Alarm dismissed,Monday,Morning,0.0,0.5,00:00:13
206,2024-02-13 06:45:00,2024-02-13,06:45:00,Triggered,Tuesday,Morning,0.0,0.5,00:02:26
206,2024-02-13 06:47:26,2024-02-13,06:47:26,Alarm dismissed,Tuesday,Morning,0.0,0.5,00:02:26
207,2024-02-14 06:45:00,2024-02-14,06:45:00,Triggered,Wednesday,Morning,0.0,0.5,00:00:42
207,2024-02-14 06:45:42,2024-02-14,06:45:42,Alarm dismissed,Wednesday,Morning,0.0,0.5,00:00:42
208,2024-02-15 06:45:00,2024-02-15,06:45:00,Triggered,Thursday,Morning,0.0,0.5,00:04:10
208,2024-02-15 06:49:10,2024-02-15,06:49:10,Alarm dismissed,Thursday,Morning,0.0,0.5,00:04:10
209,2024-02-16 06:45:00,2024-02-16,06:45:00,Triggered,Friday,Morning,0.0,0.5,00:00:11
209,2024-02-16 06:45:11,2024-02-16,06:45:11,Alarm dismissed,Friday,Morning,0.0,0.5,00:00:11
210,2024-02-17 06:45:00,2024-02-17,06:45:00,Triggered,Saturday,Morning,0.0,0.5,00:00:11
210,2024-02-17 06:45:11,2024-02-17,06:45:11,Alarm dismissed,Saturday,Morning,0.0,0.5,00:00:11
211,2024-02-18 06:45:00,2024-02-18,06:45:00,Triggered,Sunday,Morning,0.0,0.5,00:00:06
211,2024-02-18 06:45:06,2024-02-18,06:45:06,Alarm dismissed,Sunday,Morning,0.0,0.5,00:00:06
212,2024-02-20 06:45:00,2024-02-20,06:45:00,Triggered,Tuesday,Morning,0.0,0.5,00:00:50
212,2024-02-20 06:45:50,2024-02-20,06:45:50,Alarm dismissed,Tuesday,Morning,0.0,0.5,00:00:50
213,2024-02-21 06:45:00,2024-02-21,06:45:00,Triggered,Wednesday,Morning,0.0,0.5,00:00:28
213,2024-02-21 06:45:28,2024-02-21,06:45:28,Alarm dismissed,Wednesday,Morning,0.0,0.5,00:00:28
214,2024-02-22 06:45:00,2024-02-22,06:45:00,Triggered,Thursday,Morning,0.0,0.5,00:03:48
214,2024-02-22 06:48:48,2024-02-22,06:48:48,Alarm dismissed,Thursday,Morning,0.0,0.5,00:03:48
215,2024-02-23 02:10:00,2024-02-23,02:10:00,Triggered,Friday,Night,0.0,0.5,00:00:10
215,2024-02-23 02:10:10,2024-02-23,02:10:10,Alarm dismissed,Friday,Night,0.0,0.5,00:00:10
216,2024-02-23 02:45:00,2024-02-23,02:45:00,Triggered,Friday,Night,0.0,0.5,00:00:12
216,2024-02-23 02:45:12,2024-02-23,02:45:12,Alarm dismissed,Friday,Night,0.0,0.5,00:00:12
217,2024-02-24 01:00:00,2024-02-24,01:00:00,Triggered,Saturday,Night,0.3333333333333333,0.3333333333333333,00:00:40
217,2024-02-24 01:00:18,2024-02-24,01:00:18,Snooze,Saturday,Night,0.3333333333333333,0.3333333333333333,00:00:40
217,2024-02-24 01:00:40,2024-02-24,01:00:40,Alarm dismissed,Saturday,Night,0.3333333333333333,0.3333333333333333,00:00:40
218,2024-02-24 06:45:00,2024-02-24,06:45:00,Triggered,Saturday,Morning,0.0,0.5,00:02:30
218,2024-02-24 06:47:30,2024-02-24,06:47:30,Alarm dismissed,Saturday,Morning,0.0,0.5,00:02:30
219,2024-02-25 06:45:00,2024-02-25,06:45:00,Triggered,Sunday,Morning,0.0,0.5,00:00:14
219,2024-02-25 06:45:14,2024-02-25,06:45:14,Alarm dismissed,Sunday,Morning,0.0,0.5,00:00:14
220,2024-02-26 06:45:00,2024-02-26,06:45:00,Triggered,Monday,Morning,0.25,0.25,00:20:39
220,2024-02-26 06:55:01,2024-02-26,06:55:01,Snooze,Monday,Morning,0.25,0.25,00:20:39
220,2024-02-26 07:05:00,2024-02-26,07:05:00,Triggered,Monday,Morning,0.25,0.25,00:20:39
220,2024-02-26 07:05:39,2024-02-26,07:05:39,Alarm dismissed,Monday,Morning,0.25,0.25,00:20:39
221,2024-02-27 03:00:00,2024-02-27,03:00:00,Triggered,Tuesday,Night,0.0,0.5,00:00:11
221,2024-02-27 03:00:11,2024-02-27,03:00:11,Alarm dismissed,Tuesday,Night,0.0,0.5,00:00:11
222,2024-02-27 03:10:00,2024-02-27,03:10:00,Triggered,Tuesday,Night,0.0,0.5,00:00:05
222,2024-02-27 03:10:05,2024-02-27,03:10:05,Alarm dismissed,Tuesday,Night,0.0,0.5,00:00:05
223,2024-02-27 06:45:00,2024-02-27,06:45:00,Triggered,Tuesday,Morning,0.3333333333333333,0.3333333333333333,00:00:43
223,2024-02-27 06:45:16,2024-02-27,06:45:16,Snooze,Tuesday,Morning,0.3333333333333333,0.3333333333333333,00:00:43
223,2024-02-27 06:45:43,2024-02-27,06:45:43,Alarm dismissed,Tuesday,Morning,0.3333333333333333,0.3333333333333333,00:00:43
224,2024-02-28 06:45:57,2024-02-28,06:45:57,Triggered,Wednesday,Morning,0.0,0.5,00:07:23
224,2024-02-28 06:53:20,2024-02-28,06:53:20,Alarm dismissed,Wednesday,Morning,0.0,0.5,00:07:23
225,2024-02-29 06:45:00,2024-02-29,06:45:00,Triggered,Thursday,Morning,0.0,0.5,00:00:18
225,2024-02-29 06:45:18,2024-02-29,06:45:18,Alarm dismissed,Thursday,Morning,0.0,0.5,00:00:18
226,2024-03-01 06:45:00,2024-03-01,06:45:00,Triggered,Friday,Morning,0.0,0.5,00:00:16
226,2024-03-01 06:45:16,2024-03-01,06:45:16,Alarm dismissed,Friday,Morning,0.0,0.5,00:00:16
227,2024-03-02 06:45:00,2024-03-02,06:45:00,Triggered,Saturday,Morning,0.25,0.25,00:24:22
227,2024-03-02 06:55:00,2024-03-02,06:55:00,Snooze,Saturday,Morning,0.25,0.25,00:24:22
227,2024-03-02 07:05:00,2024-03-02,07:05:00,Triggered,Saturday,Morning,0.25,0.25,00:24:22
227,2024-03-02 07:09:22,2024-03-02,07:09:22,Alarm dismissed,Saturday,Morning,0.25,0.25,00:24:22
228,2024-03-03 05:30:00,2024-03-03,05:30:00,Triggered,Sunday,Morning,0.0,0.5,00:00:10
228,2024-03-03 05:30:10,2024-03-03,05:30:10,Alarm dismissed,Sunday,Morning,0.0,0.5,00:00:10
229,2024-03-03 06:45:00,2024-03-03,06:45:00,Triggered,Sunday,Morning,0.0,0.5,00:00:17
229,2024-03-03 06:45:17,2024-03-03,06:45:17,Alarm dismissed,Sunday,Morning,0.0,0.5,00:00:17
230,2024-03-04 05:30:00,2024-03-04,05:30:00,Triggered,Monday,Morning,0.0,0.5,00:00:21
230,2024-03-04 05:30:21,2024-03-04,05:30:21,Alarm dismissed,Monday,Morning,0.0,0.5,00:00:21
231,2024-03-04 06:45:00,2024-03-04,06:45:00,Triggered,Monday,Morning,0.0,0.5,00:02:23
231,2024-03-04 06:47:23,2024-03-04,06:47:23,Alarm dismissed,Monday,Morning,0.0,0.5,00:02:23
232,2024-03-04 17:50:00,2024-03-04,17:50:00,Triggered,Monday,Evening,0.0,0.5,00:00:05
232,2024-03-04 17:50:05,2024-03-04,17:50:05,Alarm dismissed,Monday,Evening,0.0,0.5,00:00:05
233,2024-03-05 06:45:00,2024-03-05,06:45:00,Triggered,Tuesday,Morning,0.25,0.25,00:20:21
233,2024-03-05 06:55:01,2024-03-05,06:55:01,Snooze,Tuesday,Morning,0.25,0.25,00:20:21
233,2024-03-05 07:05:00,2024-03-05,07:05:00,Triggered,Tuesday,Morning,0.25,0.25,00:20:21
233,2024-03-05 07:05:21,2024-03-05,07:05:21,Alarm dismissed,Tuesday,Morning,0.25,0.25,00:20:21
234,2024-03-06 06:45:00,2024-03-06,06:45:00,Triggered,Wednesday,Morning,0.0,0.5,00:00:13
234,2024-03-06 06:45:13,2024-03-06,06:45:13,Alarm dismissed,Wednesday,Morning,0.0,0.5,00:00:13
235,2024-03-07 01:15:00,2024-03-07,01:15:00,Triggered,Thursday,Night,0.0,0.5,00:00:02
235,2024-03-07 01:15:02,2024-03-07,01:15:02,Alarm dismissed,Thursday,Night,0.0,0.5,00:00:02
236,2024-03-07 06:45:00,2024-03-07,06:45:00,Triggered,Thursday,Morning,0.0,0.5,00:00:14
236,2024-03-07 06:45:14,2024-03-07,06:45:14,Alarm dismissed,Thursday,Morning,0.0,0.5,00:00:14
237,2024-03-08 05:00:00,2024-03-08,05:00:00,Triggered,Friday,Morning,0.25,0.25,00:20:16
237,2024-03-08 05:10:01,2024-03-08,05:10:01,Snooze,Friday,Morning,0.25,0.25,00:20:16
237,2024-03-08 05:20:00,2024-03-08,05:20:00,Triggered,Friday,Morning,0.25,0.25,00:20:16
237,2024-03-08 05:20:16,2024-03-08,05:20:16,Alarm dismissed,Friday,Morning,0.25,0.25,00:20:16
238,2024-03-09 05:00:00,2024-03-09,05:00:00,Triggered,Saturday,Morning,0.0,0.5,00:05:34
238,2024-03-09 05:05:34,2024-03-09,05:05:34,Alarm dismissed,Saturday,Morning,0.0,0.5,00:05:34
239,2024-03-10 05:00:00,2024-03-10,05:00:00,Triggered,Sunday,Morning,0.0,0.5,00:00:03
239,2024-03-10 05:00:03,2024-03-10,05:00:03,Alarm dismissed,Sunday,Morning,0.0,0.5,00:00:03
240,2024-03-11 05:00:00,2024-03-11,05:00:00,Triggered,Monday,Morning,0.0,0.5,00:00:11
240,2024-03-11 05:00:11,2024-03-11,05:00:11,Alarm dismissed,Monday,Morning,0.0,0.5,00:00:11
241,2024-03-12 05:00:00,2024-03-12,05:00:00,Triggered,Tuesday,Morning,0.0,0.5,00:00:03
241,2024-03-12 05:00:03,2024-03-12,05:00:03,Alarm dismissed,Tuesday,Morning,0.0,0.5,00:00:03
242,2024-03-12 06:00:00,2024-03-12,06:00:00,Triggered,Tuesday,Morning,0.0,0.5,00:00:05
242,2024-03-12 06:00:05,2024-03-12,06:00:05,Alarm dismissed,Tuesday,Morning,0.0,0.5,00:00:05
243,2024-03-13 07:00:00,2024-03-13,07:00:00,Triggered,Wednesday,Morning,0.0,0.5,00:00:05
243,2024-03-13 07:00:05,2024-03-13,07:00:05,Alarm dismissed,Wednesday,Morning,0.0,0.5,00:00:05
244,2024-03-14 07:00:00,2024-03-14,07:00:00,Triggered,Thursday,Morning,0.0,0.5,00:00:05
244,2024-03-14 07:00:05,2024-03-14,07:00:05,Alarm dismissed,Thursday,Morning,0.0,0.5,00:00:05
245,2024-03-15 07:00:18,2024-03-15,07:00:18,Triggered,Friday,Morning,0.25,0.25,00:09:47
245,2024-03-15 07:00:30,2024-03-15,07:00:30,Snooze,Friday,Morning,0.25,0.25,00:09:47
245,2024-03-15 07:10:00,2024-03-15,07:10:00,Triggered,Friday,Morning,0.25,0.25,00:09:47
245,2024-03-15 07:10:05,2024-03-15,07:10:05,Alarm dismissed,Friday,Morning,0.25,0.25,00:09:47
